{"cameraMode":{"drawMode":0,"name":"Shaded","section":"Shading Mode"},"sceneLighting":false,"audioPlay":false,"sceneViewState":{"m_AlwaysRefresh":false,"showFog":true,"showSkybox":false,"showFlares":true,"showImageEffects":true,"showParticleSystems":true,"showVisualEffectGraphs":true,"m_FxEnabled":true},"in2DMode":false,"pivot":{"x":-0.000682830810546875,"y":-0.5726051330566406,"z":0.0011844635009765626},"rotation":{"x":-0.040798433125019076,"y":0.0035944143310189249,"z":-0.00014697025471832603,"w":-0.9991674423217773},"size":70.71067810058594,"orthographic":false}