{"cameraMode":{"drawMode":0,"name":"Shaded","section":"Shading Mode"},"sceneLighting":false,"audioPlay":false,"sceneViewState":{"m_AlwaysRefresh":false,"showFog":true,"showSkybox":false,"showFlares":true,"showImageEffects":true,"showParticleSystems":true,"showVisualEffectGraphs":true,"m_FxEnabled":true},"in2DMode":false,"pivot":{"x":0.00687563419342041,"y":0.5882009267807007,"z":-0.14456230401992799},"rotation":{"x":-0.2256796658039093,"y":0.6609058976173401,"z":-0.21887804567813874,"w":-0.6814472079277039},"size":1.0441359281539918,"orthographic":false}